Type,Other_Type,HP,Attack,Defense,Special_Attack,Special_Defense,Speed,Total,Generation,Legendary
91.0,38.0,45.0,49.0,49.0,65.0,65.0,45.0,318.0,1.0,0.0
91.0,38.0,60.0,62.0,63.0,80.0,80.0,60.0,405.0,1.0,0.0
91.0,38.0,80.0,82.0,,100.0,100.0,80.0,525.0,1.0,
91.0,38.0,80.0,100.0,123.0,122.0,120.0,,625.0,1.0,
65.0,,39.0,52.0,43.0,60.0,50.0,65.0,309.0,,
65.0,492.0,58.0,,,80.0,65.0,80.0,,,0.0
65.0,112.0,78.0,84.0,78.0,109.0,,100.0,534.0,1.0,0.0
65.0,,78.0,130.0,111.0,,85.0,100.0,634.0,1.0,0.0
65.0,,,104.0,78.0,159.0,115.0,,634.0,1.0,0.0
134.0,492.0,44.0,48.0,65.0,50.0,64.0,43.0,314.0,1.0,0.0
134.0,492.0,,63.0,80.0,65.0,80.0,58.0,405.0,1.0,0.0
134.0,492.0,,83.0,100.0,85.0,105.0,78.0,530.0,1.0,0.0
,492.0,79.0,103.0,120.0,135.0,115.0,78.0,630.0,1.0,0.0
,492.0,45.0,30.0,35.0,20.0,20.0,45.0,195.0,1.0,0.0
81.0,492.0,50.0,20.0,55.0,25.0,25.0,30.0,205.0,1.0,0.0
81.0,112.0,60.0,45.0,50.0,,80.0,70.0,395.0,,0.0
81.0,38.0,40.0,35.0,30.0,20.0,,,195.0,1.0,0.0
81.0,38.0,45.0,25.0,,25.0,,35.0,205.0,,0.0
81.0,38.0,,90.0,40.0,,80.0,75.0,395.0,1.0,0.0
81.0,38.0,65.0,150.0,40.0,15.0,80.0,,495.0,1.0,0.0
,112.0,40.0,45.0,40.0,35.0,35.0,56.0,251.0,1.0,0.0
115.0,,63.0,60.0,55.0,50.0,50.0,71.0,349.0,1.0,0.0
115.0,112.0,83.0,80.0,75.0,70.0,70.0,,479.0,1.0,0.0
,112.0,83.0,80.0,80.0,135.0,80.0,,579.0,,0.0
115.0,492.0,30.0,56.0,35.0,25.0,35.0,72.0,,1.0,0.0
,11.0,30.0,56.0,35.0,25.0,35.0,72.0,253.0,1.0,0.0
115.0,492.0,55.0,81.0,60.0,50.0,70.0,,413.0,1.0,0.0
46.0,11.0,75.0,71.0,70.0,,80.0,77.0,,1.0,0.0
115.0,112.0,40.0,60.0,,,31.0,70.0,,,0.0
115.0,112.0,65.0,,65.0,61.0,61.0,100.0,442.0,1.0,
41.0,492.0,35.0,60.0,,40.0,54.0,55.0,288.0,1.0,0.0
41.0,492.0,60.0,95.0,69.0,65.0,79.0,80.0,448.0,1.0,0.0
62.0,492.0,35.0,55.0,,50.0,50.0,90.0,320.0,1.0,0.0
62.0,,45.0,80.0,50.0,75.0,60.0,120.0,430.0,1.0,0.0
62.0,492.0,60.0,90.0,55.0,90.0,80.0,110.0,485.0,1.0,0.0
62.0,,60.0,85.0,,95.0,85.0,110.0,485.0,1.0,
41.0,492.0,50.0,,85.0,20.0,30.0,40.0,300.0,1.0,0.0
,35.0,50.0,75.0,90.0,10.0,35.0,40.0,300.0,1.0,0.0
41.0,492.0,75.0,100.0,110.0,45.0,,65.0,450.0,,0.0
37.0,35.0,75.0,100.0,120.0,25.0,65.0,65.0,,1.0,0.0
41.0,492.0,,47.0,,40.0,40.0,41.0,275.0,1.0,
41.0,492.0,70.0,62.0,,55.0,55.0,,365.0,1.0,0.0
41.0,39.0,,92.0,87.0,75.0,85.0,,505.0,1.0,0.0
41.0,492.0,46.0,57.0,40.0,40.0,40.0,50.0,273.0,1.0,0.0
41.0,492.0,61.0,72.0,57.0,55.0,55.0,65.0,365.0,1.0,0.0
41.0,39.0,81.0,102.0,77.0,85.0,75.0,85.0,,1.0,0.0
22.0,492.0,70.0,45.0,48.0,60.0,65.0,35.0,323.0,1.0,0.0
22.0,492.0,95.0,70.0,73.0,95.0,90.0,60.0,483.0,1.0,0.0
65.0,492.0,38.0,41.0,,,,65.0,299.0,1.0,0.0
37.0,,38.0,41.0,40.0,50.0,,65.0,299.0,1.0,0.0
65.0,492.0,73.0,76.0,75.0,81.0,100.0,100.0,,1.0,0.0
37.0,41.0,73.0,67.0,75.0,81.0,,109.0,505.0,1.0,0.0
115.0,41.0,115.0,45.0,20.0,45.0,25.0,20.0,270.0,,0.0
115.0,41.0,140.0,70.0,45.0,85.0,50.0,,435.0,1.0,0.0
41.0,112.0,40.0,45.0,35.0,30.0,40.0,55.0,245.0,1.0,
41.0,112.0,75.0,80.0,70.0,65.0,75.0,90.0,455.0,1.0,0.0
91.0,,,50.0,55.0,75.0,65.0,30.0,320.0,1.0,0.0
91.0,38.0,60.0,65.0,70.0,85.0,75.0,40.0,395.0,1.0,0.0
91.0,38.0,,80.0,85.0,110.0,,50.0,490.0,1.0,
81.0,28.0,,70.0,55.0,45.0,55.0,25.0,285.0,1.0,0.0
81.0,28.0,60.0,,,60.0,80.0,,405.0,1.0,0.0
81.0,38.0,60.0,55.0,50.0,40.0,55.0,45.0,305.0,1.0,0.0
81.0,38.0,70.0,,60.0,90.0,75.0,90.0,450.0,1.0,0.0
41.0,492.0,10.0,55.0,,35.0,45.0,95.0,265.0,1.0,0.0
,,10.0,55.0,30.0,35.0,45.0,,265.0,1.0,0.0
41.0,492.0,35.0,100.0,50.0,50.0,70.0,120.0,425.0,1.0,0.0
41.0,35.0,35.0,100.0,60.0,50.0,70.0,110.0,425.0,1.0,0.0
115.0,492.0,40.0,45.0,35.0,40.0,40.0,,290.0,1.0,0.0
46.0,492.0,40.0,35.0,35.0,50.0,40.0,90.0,290.0,,0.0
,,,65.0,55.0,40.0,40.0,40.0,290.0,1.0,0.0
115.0,492.0,65.0,70.0,60.0,65.0,65.0,115.0,440.0,1.0,0.0
46.0,492.0,65.0,60.0,60.0,75.0,65.0,115.0,440.0,1.0,0.0
134.0,,50.0,,48.0,65.0,50.0,55.0,320.0,1.0,0.0
134.0,492.0,80.0,82.0,78.0,95.0,80.0,85.0,500.0,1.0,
,492.0,40.0,80.0,35.0,35.0,45.0,70.0,305.0,1.0,0.0
42.0,492.0,65.0,105.0,60.0,60.0,70.0,95.0,455.0,1.0,
65.0,492.0,55.0,70.0,45.0,70.0,50.0,60.0,350.0,1.0,0.0
65.0,492.0,,110.0,80.0,100.0,80.0,95.0,,1.0,0.0
134.0,492.0,,50.0,40.0,40.0,,90.0,,1.0,
,492.0,65.0,65.0,65.0,50.0,50.0,90.0,,1.0,0.0
134.0,32.0,90.0,95.0,95.0,70.0,90.0,70.0,510.0,1.0,0.0
81.0,492.0,25.0,20.0,15.0,105.0,55.0,90.0,310.0,,0.0
81.0,492.0,40.0,35.0,30.0,120.0,70.0,105.0,400.0,1.0,0.0
81.0,492.0,55.0,,45.0,135.0,95.0,120.0,500.0,1.0,0.0
,492.0,,50.0,,175.0,105.0,150.0,,1.0,0.0
42.0,492.0,70.0,80.0,50.0,35.0,35.0,35.0,,1.0,0.0
42.0,,80.0,100.0,,50.0,60.0,45.0,405.0,1.0,0.0
42.0,492.0,90.0,130.0,80.0,65.0,85.0,55.0,505.0,1.0,0.0
91.0,38.0,50.0,75.0,35.0,70.0,30.0,40.0,300.0,1.0,0.0
91.0,38.0,65.0,90.0,,,45.0,55.0,390.0,1.0,0.0
91.0,38.0,80.0,105.0,65.0,100.0,70.0,70.0,490.0,1.0,
134.0,,40.0,40.0,35.0,50.0,100.0,70.0,335.0,1.0,0.0
134.0,38.0,80.0,70.0,65.0,80.0,120.0,100.0,515.0,1.0,0.0
60.0,39.0,,80.0,100.0,30.0,,20.0,300.0,1.0,0.0
60.0,11.0,40.0,80.0,100.0,30.0,30.0,20.0,300.0,,0.0
60.0,39.0,55.0,95.0,,,,35.0,390.0,1.0,0.0
60.0,11.0,55.0,95.0,115.0,45.0,45.0,35.0,390.0,1.0,0.0
60.0,39.0,80.0,120.0,130.0,55.0,65.0,45.0,495.0,,0.0
60.0,11.0,80.0,120.0,130.0,55.0,65.0,45.0,495.0,1.0,0.0
65.0,492.0,50.0,85.0,55.0,65.0,65.0,90.0,410.0,1.0,0.0
81.0,492.0,50.0,85.0,55.0,65.0,65.0,90.0,410.0,1.0,0.0
65.0,492.0,65.0,100.0,70.0,80.0,80.0,105.0,500.0,1.0,0.0
81.0,41.0,65.0,,70.0,80.0,,105.0,500.0,1.0,0.0
134.0,40.0,90.0,65.0,65.0,40.0,40.0,,315.0,1.0,0.0
81.0,492.0,90.0,65.0,65.0,40.0,,15.0,315.0,1.0,0.0
,40.0,95.0,75.0,110.0,100.0,80.0,30.0,490.0,,0.0
,40.0,95.0,75.0,180.0,130.0,80.0,30.0,,1.0,0.0
41.0,40.0,95.0,100.0,95.0,100.0,70.0,30.0,490.0,,0.0
62.0,35.0,25.0,35.0,70.0,95.0,55.0,45.0,325.0,,0.0
62.0,35.0,50.0,60.0,95.0,120.0,70.0,70.0,465.0,1.0,0.0
115.0,112.0,52.0,90.0,55.0,58.0,62.0,60.0,377.0,1.0,0.0
42.0,,52.0,95.0,55.0,58.0,62.0,55.0,377.0,1.0,0.0
115.0,112.0,35.0,85.0,45.0,35.0,35.0,75.0,310.0,1.0,0.0
115.0,,60.0,110.0,70.0,60.0,60.0,110.0,,1.0,0.0
134.0,492.0,65.0,45.0,55.0,45.0,70.0,,325.0,1.0,
134.0,20.0,90.0,70.0,80.0,70.0,95.0,,475.0,1.0,0.0
41.0,492.0,80.0,,50.0,40.0,50.0,,325.0,1.0,0.0
41.0,27.0,80.0,80.0,50.0,40.0,50.0,25.0,325.0,1.0,0.0
41.0,492.0,105.0,105.0,75.0,65.0,100.0,50.0,,1.0,
41.0,27.0,105.0,105.0,75.0,,100.0,50.0,500.0,1.0,0.0
134.0,,30.0,65.0,100.0,45.0,25.0,,305.0,1.0,0.0
134.0,,50.0,,180.0,85.0,45.0,70.0,525.0,,0.0
42.0,38.0,30.0,35.0,30.0,100.0,35.0,80.0,310.0,1.0,0.0
42.0,38.0,45.0,50.0,45.0,115.0,55.0,95.0,405.0,1.0,0.0
42.0,38.0,60.0,65.0,60.0,130.0,75.0,110.0,500.0,1.0,0.0
42.0,38.0,60.0,65.0,80.0,170.0,,130.0,600.0,1.0,0.0
60.0,39.0,,45.0,160.0,30.0,45.0,,385.0,1.0,
81.0,492.0,60.0,48.0,45.0,,90.0,42.0,328.0,,0.0
,492.0,,,70.0,73.0,115.0,67.0,,1.0,0.0
134.0,492.0,30.0,105.0,90.0,25.0,25.0,50.0,325.0,1.0,
134.0,492.0,55.0,130.0,115.0,50.0,50.0,,475.0,1.0,0.0
62.0,492.0,40.0,30.0,50.0,55.0,55.0,100.0,330.0,1.0,0.0
62.0,492.0,60.0,50.0,,80.0,80.0,150.0,490.0,1.0,0.0
91.0,40.0,60.0,40.0,80.0,,45.0,40.0,325.0,1.0,0.0
91.0,40.0,95.0,95.0,85.0,125.0,75.0,55.0,530.0,1.0,0.0
91.0,,95.0,105.0,85.0,125.0,75.0,45.0,530.0,1.0,0.0
41.0,492.0,50.0,50.0,,40.0,50.0,35.0,320.0,1.0,0.0
41.0,492.0,60.0,80.0,,50.0,80.0,45.0,425.0,1.0,0.0
65.0,26.0,60.0,,110.0,50.0,80.0,45.0,425.0,1.0,0.0
42.0,492.0,50.0,120.0,53.0,35.0,,87.0,455.0,1.0,0.0
42.0,492.0,50.0,105.0,,35.0,,76.0,455.0,,
115.0,,90.0,55.0,75.0,60.0,75.0,30.0,385.0,1.0,0.0
41.0,492.0,40.0,65.0,95.0,60.0,,35.0,340.0,,0.0
41.0,492.0,65.0,90.0,120.0,85.0,70.0,60.0,490.0,1.0,0.0
41.0,,65.0,90.0,120.0,85.0,70.0,60.0,490.0,,0.0
41.0,15.0,80.0,85.0,95.0,30.0,30.0,25.0,345.0,1.0,0.0
41.0,15.0,105.0,,120.0,45.0,,40.0,485.0,1.0,0.0
115.0,492.0,,5.0,5.0,35.0,105.0,50.0,450.0,1.0,0.0
91.0,492.0,65.0,55.0,115.0,100.0,40.0,60.0,,1.0,0.0
115.0,492.0,105.0,95.0,80.0,40.0,,90.0,490.0,1.0,0.0
115.0,,,125.0,100.0,60.0,100.0,100.0,590.0,1.0,
134.0,492.0,30.0,40.0,70.0,70.0,25.0,60.0,295.0,1.0,0.0
134.0,492.0,55.0,65.0,95.0,95.0,45.0,85.0,440.0,1.0,0.0
134.0,492.0,45.0,,60.0,35.0,50.0,63.0,320.0,1.0,0.0
134.0,492.0,80.0,92.0,,65.0,80.0,68.0,450.0,,0.0
134.0,492.0,30.0,45.0,55.0,,55.0,85.0,340.0,1.0,0.0
134.0,40.0,60.0,75.0,85.0,100.0,85.0,,520.0,1.0,0.0
81.0,41.0,40.0,,65.0,100.0,,90.0,460.0,1.0,0.0
81.0,20.0,50.0,65.0,65.0,90.0,90.0,100.0,460.0,1.0,0.0
81.0,112.0,70.0,110.0,80.0,55.0,80.0,105.0,500.0,,0.0
37.0,40.0,,50.0,35.0,115.0,95.0,95.0,455.0,1.0,0.0
62.0,492.0,65.0,83.0,57.0,95.0,85.0,105.0,490.0,1.0,0.0
65.0,492.0,65.0,,57.0,100.0,85.0,93.0,495.0,1.0,0.0
81.0,492.0,65.0,125.0,100.0,55.0,70.0,85.0,500.0,1.0,0.0
81.0,112.0,65.0,155.0,120.0,65.0,90.0,105.0,600.0,1.0,0.0
115.0,492.0,75.0,100.0,95.0,,70.0,110.0,490.0,1.0,0.0
134.0,492.0,20.0,,55.0,15.0,20.0,,200.0,1.0,0.0
134.0,112.0,95.0,125.0,79.0,60.0,100.0,,540.0,1.0,0.0
134.0,27.0,95.0,155.0,109.0,70.0,130.0,81.0,640.0,,0.0
134.0,20.0,130.0,,80.0,85.0,95.0,60.0,535.0,,
,492.0,48.0,48.0,48.0,48.0,48.0,48.0,288.0,1.0,0.0
115.0,492.0,55.0,55.0,,45.0,65.0,55.0,325.0,1.0,0.0
115.0,492.0,65.0,75.0,70.0,65.0,85.0,75.0,435.0,1.0,
134.0,492.0,130.0,65.0,60.0,110.0,95.0,65.0,525.0,1.0,0.0
62.0,492.0,65.0,,60.0,110.0,95.0,130.0,525.0,1.0,0.0
65.0,,65.0,130.0,60.0,95.0,110.0,65.0,525.0,1.0,0.0
,492.0,65.0,60.0,70.0,,75.0,,395.0,1.0,0.0
60.0,20.0,35.0,,100.0,90.0,55.0,35.0,355.0,1.0,0.0
60.0,20.0,70.0,60.0,125.0,115.0,70.0,,495.0,1.0,0.0
60.0,,30.0,80.0,,55.0,45.0,55.0,355.0,1.0,0.0
60.0,20.0,60.0,115.0,105.0,65.0,70.0,80.0,495.0,,0.0
60.0,112.0,,105.0,65.0,60.0,75.0,,515.0,1.0,0.0
,112.0,,135.0,85.0,70.0,,150.0,615.0,,0.0
115.0,492.0,160.0,110.0,65.0,65.0,110.0,30.0,,,
37.0,,90.0,85.0,100.0,95.0,125.0,85.0,580.0,1.0,1.0
81.0,112.0,90.0,85.0,85.0,125.0,100.0,95.0,580.0,1.0,1.0
62.0,112.0,90.0,90.0,,125.0,90.0,100.0,580.0,1.0,1.0
42.0,112.0,90.0,125.0,90.0,,90.0,100.0,580.0,1.0,1.0
65.0,112.0,90.0,100.0,90.0,125.0,85.0,90.0,,1.0,1.0
46.0,112.0,90.0,85.0,90.0,100.0,125.0,90.0,580.0,1.0,1.0
41.0,492.0,41.0,,45.0,50.0,50.0,50.0,300.0,1.0,
41.0,492.0,61.0,84.0,65.0,,70.0,70.0,420.0,1.0,0.0
,112.0,91.0,134.0,95.0,100.0,100.0,80.0,600.0,1.0,0.0
81.0,492.0,106.0,110.0,,154.0,90.0,130.0,680.0,1.0,1.0
81.0,32.0,106.0,,100.0,154.0,100.0,130.0,780.0,1.0,
,492.0,106.0,,70.0,194.0,120.0,140.0,780.0,1.0,1.0
81.0,492.0,100.0,100.0,100.0,100.0,100.0,100.0,600.0,1.0,1.0
91.0,492.0,,,65.0,,65.0,45.0,318.0,2.0,0.0
91.0,492.0,60.0,62.0,80.0,63.0,80.0,,405.0,2.0,0.0
91.0,492.0,80.0,,100.0,,100.0,80.0,525.0,2.0,0.0
65.0,492.0,39.0,52.0,43.0,60.0,,65.0,,2.0,0.0
,492.0,58.0,64.0,,80.0,65.0,80.0,405.0,,0.0
65.0,492.0,78.0,84.0,78.0,109.0,85.0,,,2.0,0.0
134.0,492.0,50.0,65.0,64.0,44.0,,43.0,314.0,,0.0
134.0,,65.0,80.0,80.0,59.0,63.0,58.0,405.0,2.0,0.0
134.0,492.0,85.0,,100.0,79.0,83.0,78.0,530.0,2.0,0.0
115.0,492.0,35.0,46.0,34.0,35.0,45.0,20.0,215.0,2.0,0.0
115.0,492.0,85.0,76.0,64.0,45.0,55.0,90.0,415.0,2.0,0.0
115.0,112.0,60.0,30.0,30.0,,56.0,50.0,262.0,2.0,0.0
115.0,112.0,100.0,50.0,50.0,86.0,96.0,70.0,452.0,2.0,0.0
,,40.0,20.0,30.0,40.0,80.0,55.0,,,0.0
81.0,112.0,55.0,35.0,50.0,55.0,110.0,85.0,390.0,,
81.0,38.0,40.0,60.0,40.0,40.0,40.0,30.0,250.0,2.0,0.0
81.0,38.0,70.0,90.0,70.0,60.0,70.0,,400.0,2.0,0.0
41.0,112.0,85.0,90.0,80.0,,80.0,130.0,535.0,2.0,0.0
,11.0,75.0,38.0,,56.0,56.0,67.0,330.0,2.0,0.0
134.0,11.0,125.0,58.0,58.0,76.0,76.0,67.0,460.0,2.0,0.0
62.0,,,,15.0,35.0,35.0,60.0,205.0,,0.0
22.0,492.0,50.0,25.0,28.0,45.0,55.0,15.0,218.0,2.0,0.0
115.0,41.0,90.0,30.0,15.0,40.0,20.0,15.0,210.0,2.0,
22.0,492.0,,,65.0,40.0,65.0,20.0,245.0,2.0,0.0
22.0,,55.0,40.0,,80.0,105.0,40.0,405.0,2.0,0.0
81.0,112.0,40.0,50.0,,70.0,45.0,70.0,320.0,2.0,0.0
81.0,112.0,65.0,75.0,70.0,95.0,70.0,95.0,470.0,2.0,0.0
62.0,492.0,55.0,40.0,40.0,65.0,45.0,35.0,280.0,2.0,0.0
62.0,492.0,70.0,55.0,55.0,80.0,60.0,45.0,365.0,2.0,0.0
62.0,492.0,90.0,75.0,85.0,115.0,90.0,55.0,,2.0,0.0
62.0,32.0,90.0,95.0,105.0,165.0,110.0,,610.0,2.0,0.0
91.0,492.0,75.0,80.0,95.0,90.0,100.0,,490.0,2.0,0.0
134.0,41.0,70.0,20.0,50.0,20.0,50.0,40.0,250.0,,0.0
,41.0,100.0,50.0,80.0,60.0,80.0,50.0,,,0.0
60.0,492.0,,100.0,115.0,,65.0,30.0,410.0,2.0,0.0
134.0,,90.0,75.0,,90.0,100.0,70.0,500.0,2.0,0.0
,112.0,35.0,35.0,40.0,35.0,55.0,50.0,250.0,2.0,0.0
,,55.0,45.0,50.0,45.0,65.0,80.0,340.0,2.0,0.0
91.0,112.0,75.0,,70.0,55.0,95.0,110.0,460.0,2.0,0.0
115.0,492.0,55.0,70.0,55.0,40.0,55.0,85.0,360.0,2.0,0.0
91.0,492.0,30.0,30.0,30.0,30.0,30.0,30.0,180.0,2.0,0.0
91.0,492.0,75.0,75.0,55.0,105.0,85.0,30.0,,2.0,0.0
81.0,112.0,65.0,65.0,45.0,75.0,45.0,95.0,390.0,2.0,0.0
134.0,39.0,,45.0,45.0,25.0,25.0,15.0,210.0,2.0,0.0
134.0,39.0,95.0,85.0,85.0,65.0,,35.0,430.0,2.0,0.0
81.0,492.0,65.0,65.0,60.0,130.0,95.0,110.0,525.0,2.0,0.0
46.0,492.0,95.0,65.0,110.0,60.0,130.0,65.0,525.0,2.0,
46.0,112.0,60.0,85.0,42.0,85.0,42.0,91.0,405.0,,0.0
,40.0,,75.0,80.0,100.0,110.0,30.0,490.0,,0.0
41.0,40.0,95.0,65.0,80.0,110.0,110.0,30.0,490.0,2.0,0.0
42.0,492.0,60.0,60.0,60.0,85.0,85.0,85.0,435.0,2.0,0.0
81.0,492.0,,,48.0,72.0,48.0,48.0,336.0,,0.0
,492.0,190.0,,58.0,33.0,58.0,33.0,405.0,2.0,0.0
115.0,40.0,70.0,80.0,65.0,,65.0,,455.0,2.0,0.0
81.0,492.0,50.0,65.0,90.0,35.0,35.0,15.0,290.0,2.0,0.0
81.0,35.0,75.0,90.0,140.0,60.0,60.0,,465.0,2.0,0.0
115.0,492.0,100.0,70.0,70.0,,65.0,45.0,,2.0,
41.0,,65.0,75.0,105.0,35.0,65.0,85.0,430.0,2.0,0.0
36.0,39.0,75.0,85.0,200.0,55.0,65.0,30.0,510.0,2.0,0.0
36.0,39.0,75.0,,230.0,55.0,95.0,30.0,610.0,2.0,0.0
22.0,492.0,60.0,80.0,50.0,40.0,40.0,30.0,300.0,2.0,0.0
22.0,492.0,90.0,120.0,75.0,60.0,60.0,45.0,,2.0,0.0
134.0,38.0,65.0,95.0,85.0,55.0,,85.0,440.0,2.0,0.0
81.0,35.0,70.0,130.0,100.0,55.0,80.0,65.0,500.0,2.0,0.0
81.0,35.0,70.0,150.0,140.0,,100.0,75.0,600.0,2.0,
81.0,15.0,,10.0,230.0,10.0,230.0,5.0,505.0,2.0,0.0
81.0,32.0,,125.0,75.0,40.0,95.0,85.0,500.0,2.0,0.0
81.0,32.0,80.0,185.0,115.0,40.0,105.0,75.0,,2.0,0.0
46.0,20.0,55.0,95.0,55.0,35.0,75.0,115.0,430.0,2.0,0.0
115.0,492.0,60.0,80.0,50.0,50.0,50.0,40.0,330.0,2.0,0.0
115.0,492.0,90.0,130.0,,75.0,,55.0,500.0,2.0,0.0
65.0,492.0,,40.0,40.0,70.0,40.0,20.0,250.0,,0.0
65.0,15.0,60.0,50.0,120.0,90.0,,30.0,430.0,2.0,0.0
37.0,39.0,50.0,50.0,40.0,30.0,30.0,50.0,,2.0,0.0
37.0,39.0,100.0,100.0,80.0,60.0,60.0,50.0,,2.0,
134.0,15.0,65.0,,95.0,,95.0,35.0,410.0,2.0,0.0
42.0,492.0,,55.0,100.0,65.0,100.0,30.0,410.0,2.0,0.0
134.0,492.0,35.0,,,65.0,35.0,65.0,300.0,2.0,0.0
134.0,492.0,75.0,,75.0,105.0,75.0,45.0,480.0,2.0,0.0
37.0,112.0,45.0,55.0,45.0,65.0,45.0,75.0,330.0,2.0,
134.0,112.0,85.0,40.0,70.0,80.0,140.0,70.0,485.0,,0.0
36.0,112.0,65.0,80.0,140.0,40.0,70.0,70.0,465.0,2.0,0.0
46.0,17.0,45.0,60.0,30.0,80.0,50.0,65.0,330.0,2.0,0.0
46.0,17.0,75.0,90.0,50.0,110.0,,95.0,,2.0,
46.0,17.0,75.0,90.0,90.0,140.0,,,600.0,2.0,0.0
134.0,32.0,,95.0,95.0,,95.0,85.0,540.0,2.0,0.0
41.0,492.0,90.0,60.0,60.0,40.0,40.0,40.0,330.0,2.0,
,492.0,90.0,120.0,,60.0,60.0,50.0,,2.0,0.0
115.0,492.0,85.0,80.0,90.0,,95.0,,515.0,2.0,
115.0,492.0,73.0,95.0,62.0,,,85.0,465.0,2.0,0.0
115.0,492.0,55.0,20.0,35.0,20.0,45.0,75.0,250.0,2.0,
,,35.0,35.0,35.0,,,35.0,210.0,2.0,0.0
42.0,492.0,,,95.0,35.0,110.0,,455.0,2.0,0.0
37.0,40.0,45.0,30.0,15.0,,65.0,65.0,305.0,,0.0
,492.0,45.0,63.0,37.0,,55.0,95.0,360.0,2.0,0.0
65.0,,,75.0,37.0,70.0,55.0,,,2.0,0.0
115.0,492.0,95.0,80.0,105.0,,70.0,100.0,490.0,2.0,0.0
115.0,,255.0,10.0,,,135.0,55.0,540.0,2.0,0.0
62.0,492.0,90.0,,75.0,115.0,100.0,115.0,580.0,2.0,1.0
65.0,492.0,115.0,115.0,85.0,90.0,75.0,100.0,580.0,2.0,1.0
134.0,492.0,100.0,75.0,115.0,,115.0,85.0,580.0,2.0,1.0
60.0,,50.0,,50.0,45.0,50.0,41.0,300.0,2.0,0.0
60.0,39.0,70.0,84.0,70.0,65.0,70.0,51.0,410.0,2.0,0.0
60.0,27.0,100.0,134.0,110.0,95.0,100.0,61.0,,2.0,0.0
60.0,27.0,100.0,164.0,150.0,95.0,120.0,,700.0,2.0,0.0
81.0,112.0,106.0,90.0,130.0,90.0,154.0,110.0,680.0,2.0,1.0
65.0,,106.0,130.0,90.0,110.0,154.0,90.0,680.0,2.0,1.0
81.0,28.0,,100.0,100.0,100.0,100.0,100.0,600.0,2.0,1.0
91.0,492.0,40.0,45.0,35.0,65.0,55.0,70.0,310.0,3.0,0.0
91.0,492.0,50.0,65.0,45.0,85.0,65.0,95.0,405.0,3.0,0.0
91.0,492.0,70.0,85.0,,,,120.0,530.0,3.0,0.0
91.0,32.0,70.0,110.0,75.0,,85.0,145.0,630.0,3.0,0.0
65.0,,45.0,60.0,,70.0,,,310.0,3.0,
65.0,32.0,60.0,85.0,60.0,,60.0,55.0,405.0,3.0,0.0
,,80.0,120.0,70.0,,70.0,80.0,530.0,3.0,0.0
65.0,,80.0,160.0,80.0,130.0,80.0,100.0,630.0,3.0,0.0
,492.0,50.0,70.0,50.0,50.0,50.0,40.0,310.0,,0.0
134.0,39.0,70.0,85.0,70.0,60.0,70.0,50.0,405.0,3.0,0.0
134.0,39.0,100.0,110.0,,85.0,,60.0,535.0,3.0,0.0
134.0,39.0,,150.0,110.0,95.0,110.0,70.0,,,0.0
46.0,492.0,35.0,55.0,35.0,,30.0,35.0,220.0,,
46.0,492.0,70.0,90.0,70.0,60.0,60.0,70.0,420.0,3.0,
,492.0,38.0,30.0,41.0,,41.0,60.0,240.0,3.0,0.0
46.0,,38.0,30.0,41.0,30.0,41.0,60.0,240.0,3.0,0.0
115.0,492.0,78.0,70.0,61.0,50.0,61.0,100.0,420.0,3.0,0.0
46.0,11.0,,70.0,61.0,50.0,,100.0,420.0,3.0,0.0
81.0,492.0,45.0,45.0,,20.0,30.0,20.0,,,
81.0,492.0,50.0,35.0,55.0,25.0,25.0,15.0,205.0,,0.0
81.0,112.0,60.0,70.0,50.0,100.0,50.0,65.0,395.0,3.0,0.0
81.0,,50.0,35.0,55.0,25.0,25.0,15.0,205.0,3.0,0.0
81.0,38.0,60.0,50.0,70.0,50.0,90.0,65.0,,3.0,0.0
134.0,28.0,40.0,30.0,30.0,40.0,50.0,30.0,220.0,,0.0
134.0,28.0,60.0,50.0,50.0,60.0,70.0,50.0,340.0,3.0,0.0
134.0,28.0,80.0,70.0,,90.0,100.0,70.0,,3.0,
91.0,492.0,40.0,40.0,50.0,30.0,30.0,30.0,220.0,3.0,0.0
91.0,27.0,70.0,70.0,40.0,60.0,40.0,,340.0,3.0,0.0
91.0,27.0,90.0,100.0,60.0,90.0,60.0,80.0,480.0,3.0,0.0
115.0,112.0,40.0,55.0,30.0,30.0,30.0,85.0,270.0,3.0,0.0
115.0,112.0,60.0,85.0,60.0,75.0,50.0,125.0,455.0,3.0,0.0
134.0,112.0,40.0,30.0,30.0,55.0,,85.0,,3.0,0.0
134.0,112.0,60.0,50.0,100.0,95.0,70.0,65.0,440.0,,0.0
81.0,,28.0,25.0,25.0,,,40.0,198.0,3.0,
81.0,41.0,38.0,35.0,35.0,65.0,55.0,50.0,278.0,3.0,0.0
81.0,41.0,68.0,65.0,65.0,125.0,115.0,,518.0,3.0,0.0
81.0,41.0,68.0,85.0,65.0,165.0,135.0,100.0,618.0,3.0,0.0
81.0,20.0,40.0,30.0,32.0,50.0,52.0,65.0,269.0,3.0,0.0
81.0,112.0,70.0,60.0,62.0,100.0,82.0,80.0,454.0,3.0,0.0
91.0,,60.0,40.0,60.0,40.0,60.0,35.0,295.0,3.0,0.0
91.0,32.0,60.0,130.0,80.0,60.0,60.0,70.0,460.0,3.0,0.0
115.0,492.0,60.0,60.0,60.0,35.0,35.0,30.0,,3.0,0.0
115.0,492.0,80.0,80.0,80.0,55.0,,90.0,,3.0,0.0
115.0,492.0,150.0,,100.0,,65.0,100.0,670.0,3.0,0.0
81.0,39.0,31.0,45.0,90.0,30.0,30.0,40.0,266.0,3.0,0.0
81.0,112.0,61.0,90.0,45.0,,50.0,160.0,456.0,3.0,0.0
81.0,26.0,1.0,90.0,45.0,30.0,30.0,40.0,236.0,3.0,0.0
115.0,492.0,64.0,51.0,23.0,51.0,23.0,,240.0,3.0,0.0
115.0,492.0,84.0,71.0,43.0,71.0,43.0,,360.0,3.0,0.0
115.0,492.0,104.0,91.0,63.0,91.0,73.0,68.0,490.0,3.0,0.0
42.0,492.0,72.0,60.0,30.0,20.0,30.0,25.0,,,0.0
42.0,492.0,144.0,120.0,,40.0,60.0,50.0,474.0,3.0,
115.0,41.0,50.0,20.0,40.0,20.0,40.0,20.0,190.0,3.0,0.0
,492.0,,45.0,135.0,45.0,90.0,30.0,375.0,3.0,0.0
115.0,492.0,50.0,45.0,45.0,35.0,35.0,50.0,260.0,3.0,0.0
115.0,492.0,70.0,,65.0,55.0,55.0,90.0,400.0,3.0,0.0
46.0,26.0,50.0,75.0,75.0,65.0,65.0,50.0,380.0,3.0,
46.0,26.0,,,125.0,85.0,115.0,20.0,480.0,3.0,0.0
,41.0,50.0,85.0,,55.0,55.0,,,3.0,0.0
36.0,41.0,50.0,105.0,125.0,55.0,95.0,50.0,480.0,3.0,0.0
36.0,15.0,50.0,70.0,100.0,40.0,40.0,30.0,330.0,3.0,0.0
36.0,15.0,,90.0,140.0,50.0,,40.0,,3.0,0.0
36.0,15.0,70.0,,180.0,60.0,60.0,50.0,530.0,,
36.0,492.0,70.0,140.0,,60.0,80.0,50.0,630.0,3.0,0.0
42.0,,30.0,,55.0,40.0,55.0,60.0,280.0,3.0,0.0
42.0,,60.0,60.0,75.0,60.0,75.0,80.0,410.0,3.0,0.0
42.0,40.0,60.0,100.0,,80.0,85.0,100.0,510.0,3.0,0.0
62.0,492.0,40.0,45.0,40.0,65.0,40.0,65.0,,3.0,0.0
,492.0,70.0,,60.0,105.0,60.0,105.0,475.0,3.0,0.0
62.0,492.0,,75.0,80.0,135.0,80.0,135.0,575.0,3.0,0.0
62.0,492.0,60.0,50.0,40.0,,75.0,95.0,405.0,3.0,0.0
62.0,492.0,,40.0,50.0,75.0,85.0,95.0,405.0,3.0,
81.0,,65.0,73.0,75.0,47.0,85.0,85.0,430.0,3.0,0.0
81.0,492.0,65.0,,75.0,73.0,85.0,85.0,430.0,3.0,0.0
91.0,38.0,50.0,60.0,45.0,100.0,80.0,65.0,400.0,3.0,0.0
41.0,492.0,70.0,43.0,53.0,43.0,53.0,40.0,302.0,3.0,0.0
41.0,,100.0,73.0,83.0,73.0,83.0,55.0,467.0,3.0,0.0
134.0,27.0,45.0,90.0,20.0,65.0,20.0,65.0,305.0,3.0,0.0
134.0,27.0,70.0,,40.0,95.0,40.0,95.0,460.0,3.0,0.0
134.0,27.0,70.0,140.0,70.0,110.0,65.0,105.0,560.0,3.0,
134.0,492.0,130.0,70.0,35.0,70.0,35.0,60.0,400.0,3.0,0.0
134.0,492.0,170.0,90.0,45.0,90.0,45.0,60.0,500.0,3.0,0.0
65.0,39.0,60.0,60.0,40.0,65.0,45.0,35.0,305.0,3.0,0.0
65.0,39.0,,100.0,70.0,105.0,75.0,,460.0,3.0,0.0
65.0,39.0,,,100.0,145.0,,20.0,560.0,3.0,0.0
65.0,492.0,70.0,85.0,140.0,85.0,,20.0,470.0,3.0,
81.0,492.0,60.0,25.0,35.0,70.0,80.0,60.0,330.0,,0.0
81.0,492.0,80.0,45.0,65.0,90.0,110.0,80.0,470.0,3.0,0.0
115.0,492.0,60.0,60.0,60.0,60.0,,60.0,,3.0,0.0
41.0,492.0,45.0,100.0,,45.0,,,290.0,3.0,
41.0,32.0,50.0,70.0,50.0,50.0,50.0,70.0,340.0,3.0,0.0
41.0,32.0,80.0,100.0,80.0,,80.0,100.0,520.0,3.0,0.0
91.0,492.0,50.0,85.0,40.0,85.0,40.0,,335.0,3.0,0.0
91.0,27.0,70.0,115.0,60.0,115.0,60.0,55.0,475.0,,0.0
,112.0,45.0,40.0,60.0,40.0,75.0,50.0,310.0,,0.0
41.0,112.0,,70.0,90.0,70.0,105.0,80.0,490.0,3.0,0.0
41.0,41.0,75.0,110.0,110.0,110.0,105.0,80.0,590.0,3.0,0.0
115.0,492.0,73.0,115.0,60.0,,60.0,,458.0,,0.0
41.0,492.0,73.0,100.0,60.0,100.0,60.0,,458.0,3.0,0.0
60.0,40.0,,55.0,65.0,95.0,85.0,70.0,460.0,3.0,0.0
60.0,,90.0,95.0,,55.0,,70.0,460.0,3.0,0.0
134.0,39.0,50.0,48.0,43.0,46.0,41.0,60.0,288.0,3.0,
134.0,39.0,110.0,78.0,73.0,76.0,71.0,60.0,468.0,3.0,0.0
134.0,492.0,43.0,80.0,65.0,50.0,35.0,35.0,308.0,3.0,0.0
134.0,27.0,63.0,120.0,85.0,90.0,55.0,55.0,468.0,3.0,0.0
41.0,40.0,,40.0,55.0,40.0,70.0,55.0,,3.0,0.0
41.0,40.0,60.0,70.0,,70.0,120.0,75.0,,3.0,
60.0,28.0,66.0,,77.0,61.0,,23.0,355.0,3.0,0.0
60.0,28.0,86.0,81.0,97.0,81.0,,43.0,495.0,3.0,0.0
60.0,9.0,,,,40.0,50.0,75.0,355.0,3.0,0.0
60.0,,,,100.0,70.0,80.0,,495.0,3.0,0.0
134.0,492.0,,15.0,20.0,10.0,55.0,80.0,200.0,,0.0
134.0,492.0,95.0,60.0,79.0,100.0,125.0,81.0,540.0,3.0,0.0
115.0,492.0,70.0,70.0,70.0,70.0,70.0,70.0,420.0,3.0,0.0
65.0,492.0,70.0,70.0,70.0,70.0,70.0,70.0,420.0,3.0,
134.0,492.0,70.0,70.0,,70.0,70.0,70.0,420.0,,0.0
37.0,492.0,,70.0,70.0,70.0,70.0,70.0,420.0,3.0,0.0
115.0,,60.0,90.0,70.0,60.0,120.0,40.0,440.0,,0.0
42.0,492.0,44.0,75.0,35.0,63.0,33.0,45.0,295.0,3.0,0.0
42.0,492.0,64.0,115.0,65.0,83.0,63.0,65.0,455.0,3.0,0.0
42.0,492.0,64.0,165.0,75.0,93.0,83.0,75.0,,3.0,0.0
42.0,492.0,20.0,40.0,90.0,,90.0,25.0,295.0,3.0,0.0
42.0,492.0,40.0,70.0,130.0,60.0,130.0,,455.0,3.0,
,,99.0,68.0,,72.0,87.0,51.0,460.0,3.0,0.0
81.0,,75.0,50.0,80.0,95.0,90.0,65.0,455.0,3.0,0.0
46.0,492.0,65.0,130.0,60.0,75.0,60.0,75.0,465.0,3.0,0.0
46.0,492.0,65.0,150.0,60.0,,60.0,,565.0,3.0,
81.0,492.0,,23.0,48.0,23.0,48.0,23.0,,3.0,0.0
37.0,492.0,50.0,50.0,50.0,50.0,50.0,50.0,300.0,3.0,0.0
37.0,492.0,80.0,80.0,80.0,80.0,80.0,80.0,480.0,3.0,
37.0,492.0,80.0,120.0,80.0,120.0,80.0,,580.0,3.0,0.0
37.0,20.0,70.0,40.0,50.0,55.0,50.0,25.0,290.0,,0.0
37.0,20.0,90.0,60.0,70.0,75.0,70.0,45.0,410.0,3.0,0.0
37.0,20.0,110.0,80.0,90.0,95.0,,65.0,530.0,3.0,0.0
134.0,492.0,35.0,64.0,85.0,,55.0,32.0,345.0,3.0,0.0
134.0,492.0,55.0,,105.0,94.0,,52.0,485.0,,0.0
134.0,492.0,55.0,84.0,105.0,114.0,75.0,52.0,485.0,3.0,0.0
134.0,15.0,100.0,90.0,130.0,45.0,65.0,55.0,485.0,3.0,0.0
134.0,,43.0,30.0,55.0,40.0,65.0,97.0,330.0,,0.0
41.0,492.0,45.0,75.0,60.0,40.0,30.0,50.0,300.0,3.0,0.0
41.0,492.0,65.0,95.0,100.0,,50.0,50.0,420.0,3.0,0.0
41.0,112.0,95.0,135.0,80.0,110.0,80.0,100.0,600.0,3.0,0.0
,112.0,95.0,145.0,130.0,120.0,90.0,120.0,700.0,3.0,0.0
36.0,40.0,40.0,55.0,80.0,,60.0,30.0,300.0,3.0,0.0
36.0,40.0,60.0,75.0,100.0,55.0,80.0,50.0,420.0,3.0,0.0
36.0,,80.0,135.0,130.0,95.0,90.0,70.0,600.0,3.0,0.0
36.0,40.0,80.0,145.0,150.0,105.0,110.0,,700.0,3.0,
60.0,492.0,80.0,100.0,200.0,,100.0,50.0,580.0,3.0,1.0
37.0,492.0,80.0,50.0,100.0,,200.0,50.0,580.0,,1.0
36.0,492.0,80.0,75.0,150.0,75.0,150.0,50.0,580.0,3.0,1.0
,40.0,80.0,80.0,90.0,110.0,130.0,110.0,600.0,3.0,1.0
41.0,40.0,80.0,100.0,120.0,140.0,150.0,,700.0,3.0,1.0
41.0,40.0,80.0,90.0,80.0,130.0,110.0,110.0,600.0,3.0,1.0
41.0,40.0,80.0,130.0,100.0,160.0,120.0,110.0,700.0,3.0,
,,100.0,100.0,90.0,,140.0,90.0,670.0,3.0,1.0
134.0,492.0,100.0,150.0,90.0,180.0,160.0,90.0,770.0,3.0,1.0
,492.0,100.0,150.0,140.0,,90.0,90.0,670.0,3.0,1.0
41.0,17.0,100.0,,160.0,150.0,90.0,90.0,770.0,3.0,1.0
41.0,112.0,105.0,150.0,90.0,150.0,90.0,95.0,680.0,3.0,1.0
,112.0,,,100.0,180.0,100.0,115.0,,3.0,1.0
36.0,40.0,100.0,100.0,100.0,100.0,100.0,,600.0,3.0,1.0
81.0,492.0,50.0,150.0,50.0,150.0,50.0,150.0,600.0,3.0,1.0
81.0,492.0,50.0,180.0,20.0,180.0,20.0,150.0,600.0,3.0,1.0
81.0,492.0,50.0,70.0,160.0,70.0,,90.0,,,1.0
81.0,492.0,50.0,95.0,90.0,95.0,90.0,180.0,600.0,3.0,1.0
91.0,492.0,55.0,68.0,64.0,45.0,55.0,31.0,318.0,4.0,0.0
91.0,492.0,75.0,89.0,85.0,55.0,65.0,36.0,405.0,4.0,0.0
91.0,39.0,95.0,109.0,105.0,75.0,85.0,56.0,525.0,4.0,0.0
65.0,492.0,44.0,58.0,44.0,58.0,44.0,61.0,309.0,4.0,0.0
65.0,32.0,64.0,78.0,52.0,78.0,52.0,81.0,405.0,4.0,
65.0,32.0,76.0,104.0,71.0,,71.0,108.0,534.0,,
134.0,492.0,53.0,51.0,53.0,61.0,56.0,40.0,314.0,4.0,0.0
134.0,492.0,64.0,66.0,68.0,,76.0,50.0,405.0,4.0,0.0
134.0,35.0,84.0,86.0,88.0,111.0,101.0,60.0,530.0,,0.0
115.0,112.0,40.0,55.0,30.0,,30.0,60.0,245.0,4.0,0.0
115.0,112.0,55.0,75.0,50.0,40.0,40.0,80.0,340.0,4.0,0.0
115.0,112.0,85.0,120.0,,50.0,60.0,100.0,485.0,,0.0
115.0,492.0,59.0,45.0,40.0,35.0,,31.0,250.0,4.0,0.0
115.0,20.0,79.0,85.0,,55.0,60.0,71.0,410.0,4.0,
81.0,492.0,37.0,25.0,41.0,25.0,,,194.0,4.0,0.0
81.0,492.0,77.0,85.0,51.0,,51.0,65.0,384.0,4.0,
62.0,492.0,45.0,,34.0,40.0,34.0,45.0,263.0,4.0,0.0
62.0,492.0,60.0,85.0,49.0,60.0,49.0,,363.0,4.0,0.0
62.0,492.0,80.0,120.0,79.0,,79.0,70.0,523.0,4.0,0.0
91.0,38.0,40.0,30.0,35.0,50.0,70.0,55.0,,4.0,0.0
,38.0,60.0,70.0,65.0,125.0,105.0,90.0,515.0,4.0,0.0
60.0,492.0,67.0,125.0,40.0,30.0,30.0,58.0,350.0,4.0,
60.0,,,,60.0,65.0,50.0,58.0,495.0,4.0,0.0
60.0,35.0,30.0,42.0,118.0,42.0,88.0,30.0,350.0,4.0,0.0
60.0,,60.0,52.0,,47.0,138.0,,495.0,4.0,0.0
81.0,492.0,40.0,29.0,,29.0,45.0,36.0,224.0,4.0,0.0
81.0,28.0,60.0,59.0,85.0,79.0,,36.0,424.0,4.0,0.0
81.0,39.0,60.0,79.0,105.0,59.0,85.0,36.0,424.0,4.0,0.0
81.0,35.0,60.0,69.0,95.0,69.0,95.0,36.0,424.0,4.0,0.0
81.0,112.0,70.0,94.0,50.0,94.0,50.0,66.0,424.0,4.0,0.0
81.0,112.0,30.0,30.0,42.0,30.0,42.0,70.0,,4.0,0.0
81.0,112.0,70.0,80.0,102.0,80.0,102.0,,,4.0,0.0
62.0,492.0,60.0,45.0,70.0,45.0,90.0,95.0,,,0.0
134.0,492.0,55.0,65.0,,60.0,30.0,85.0,330.0,4.0,0.0
134.0,492.0,85.0,105.0,55.0,85.0,50.0,115.0,495.0,4.0,0.0
91.0,492.0,45.0,35.0,45.0,62.0,53.0,35.0,275.0,,0.0
91.0,492.0,,60.0,70.0,87.0,78.0,85.0,450.0,4.0,0.0
134.0,492.0,76.0,48.0,48.0,57.0,62.0,34.0,325.0,4.0,0.0
,39.0,111.0,83.0,68.0,92.0,82.0,39.0,475.0,4.0,0.0
115.0,492.0,75.0,100.0,66.0,60.0,66.0,115.0,482.0,4.0,0.0
,112.0,90.0,50.0,34.0,,44.0,,348.0,4.0,0.0
,112.0,150.0,80.0,44.0,90.0,54.0,80.0,498.0,4.0,0.0
,492.0,55.0,66.0,44.0,44.0,56.0,85.0,350.0,4.0,0.0
115.0,492.0,65.0,76.0,,54.0,96.0,105.0,,,0.0
,,65.0,136.0,94.0,54.0,96.0,135.0,580.0,4.0,0.0
42.0,492.0,60.0,60.0,60.0,105.0,105.0,,,4.0,0.0
46.0,112.0,,125.0,,105.0,52.0,71.0,505.0,4.0,
115.0,492.0,,55.0,42.0,42.0,37.0,85.0,310.0,4.0,0.0
115.0,492.0,71.0,82.0,64.0,64.0,59.0,112.0,452.0,4.0,
81.0,492.0,45.0,30.0,50.0,65.0,50.0,45.0,285.0,4.0,0.0
41.0,27.0,63.0,63.0,47.0,41.0,41.0,74.0,329.0,4.0,0.0
41.0,27.0,103.0,93.0,67.0,71.0,61.0,84.0,479.0,,0.0
36.0,40.0,,24.0,86.0,24.0,86.0,23.0,300.0,4.0,0.0
36.0,40.0,67.0,89.0,116.0,79.0,116.0,33.0,500.0,4.0,0.0
60.0,492.0,,80.0,95.0,10.0,45.0,10.0,290.0,4.0,0.0
81.0,41.0,20.0,25.0,45.0,70.0,,60.0,310.0,,0.0
115.0,492.0,,5.0,5.0,,65.0,30.0,,4.0,0.0
115.0,112.0,76.0,65.0,45.0,,42.0,,411.0,4.0,0.0
42.0,27.0,50.0,,108.0,92.0,,35.0,485.0,4.0,0.0
41.0,39.0,,,,40.0,45.0,42.0,300.0,4.0,0.0
41.0,39.0,68.0,90.0,65.0,50.0,55.0,,410.0,4.0,0.0
41.0,39.0,,130.0,95.0,80.0,85.0,,600.0,4.0,0.0
,,108.0,170.0,115.0,120.0,95.0,,700.0,4.0,0.0
115.0,492.0,135.0,85.0,40.0,40.0,85.0,5.0,390.0,4.0,0.0
,492.0,40.0,,40.0,35.0,40.0,60.0,285.0,,0.0
42.0,35.0,70.0,,70.0,,70.0,,525.0,,0.0
,35.0,70.0,145.0,88.0,140.0,70.0,112.0,625.0,4.0,
41.0,492.0,68.0,72.0,78.0,38.0,42.0,32.0,,4.0,
41.0,492.0,108.0,112.0,118.0,,72.0,47.0,,4.0,0.0
41.0,9.0,40.0,50.0,90.0,30.0,,65.0,330.0,4.0,0.0
41.0,27.0,70.0,90.0,110.0,60.0,75.0,,500.0,4.0,0.0
,32.0,48.0,61.0,40.0,61.0,,50.0,300.0,4.0,0.0
41.0,32.0,83.0,,65.0,86.0,65.0,,490.0,4.0,0.0
91.0,492.0,74.0,100.0,72.0,90.0,72.0,46.0,454.0,,
134.0,492.0,49.0,49.0,56.0,49.0,61.0,66.0,330.0,4.0,0.0
134.0,492.0,69.0,69.0,,69.0,86.0,91.0,460.0,4.0,0.0
134.0,112.0,45.0,20.0,50.0,60.0,120.0,50.0,345.0,,0.0
91.0,20.0,60.0,62.0,50.0,62.0,60.0,40.0,334.0,4.0,0.0
91.0,20.0,90.0,92.0,75.0,92.0,85.0,60.0,494.0,4.0,0.0
91.0,20.0,90.0,132.0,105.0,,105.0,30.0,594.0,4.0,
46.0,,,120.0,65.0,,85.0,125.0,510.0,4.0,
62.0,35.0,70.0,70.0,115.0,130.0,90.0,60.0,535.0,4.0,0.0
115.0,492.0,110.0,85.0,95.0,80.0,,50.0,515.0,4.0,
41.0,15.0,115.0,140.0,130.0,55.0,55.0,,535.0,4.0,0.0
91.0,492.0,100.0,100.0,125.0,110.0,50.0,50.0,535.0,4.0,0.0
62.0,,75.0,123.0,,95.0,85.0,95.0,540.0,,
65.0,,75.0,95.0,67.0,125.0,95.0,83.0,540.0,4.0,0.0
22.0,112.0,85.0,50.0,,120.0,,80.0,545.0,4.0,0.0
81.0,112.0,86.0,76.0,86.0,116.0,56.0,95.0,515.0,4.0,0.0
91.0,492.0,65.0,110.0,130.0,60.0,,95.0,525.0,4.0,0.0
37.0,,,60.0,110.0,130.0,95.0,65.0,525.0,4.0,0.0
41.0,,,95.0,125.0,45.0,,95.0,510.0,4.0,0.0
37.0,39.0,110.0,130.0,80.0,,60.0,80.0,530.0,4.0,0.0
115.0,492.0,85.0,80.0,70.0,135.0,75.0,90.0,535.0,4.0,0.0
81.0,,,125.0,65.0,65.0,,80.0,518.0,4.0,0.0
81.0,32.0,68.0,165.0,95.0,65.0,115.0,110.0,618.0,4.0,0.0
60.0,35.0,60.0,55.0,145.0,75.0,150.0,40.0,,4.0,0.0
42.0,492.0,45.0,100.0,135.0,,135.0,45.0,525.0,4.0,
37.0,26.0,70.0,80.0,70.0,80.0,,110.0,480.0,4.0,0.0
,26.0,50.0,50.0,77.0,95.0,,91.0,440.0,,0.0
,17.0,50.0,65.0,107.0,,107.0,86.0,520.0,4.0,0.0
62.0,20.0,50.0,65.0,107.0,105.0,107.0,86.0,520.0,4.0,0.0
62.0,20.0,50.0,65.0,107.0,105.0,,86.0,,4.0,0.0
62.0,112.0,50.0,65.0,107.0,,107.0,86.0,,4.0,0.0
62.0,28.0,50.0,65.0,107.0,105.0,107.0,86.0,520.0,4.0,0.0
81.0,492.0,,75.0,130.0,75.0,130.0,95.0,580.0,4.0,1.0
81.0,492.0,80.0,105.0,105.0,105.0,,,580.0,4.0,1.0
81.0,492.0,75.0,,70.0,125.0,70.0,115.0,580.0,,1.0
,32.0,100.0,120.0,120.0,150.0,100.0,,680.0,4.0,1.0
134.0,32.0,90.0,120.0,100.0,150.0,120.0,100.0,680.0,4.0,1.0
65.0,35.0,91.0,90.0,106.0,,106.0,77.0,600.0,4.0,
,492.0,110.0,,110.0,80.0,110.0,100.0,670.0,4.0,1.0
42.0,32.0,150.0,100.0,120.0,,120.0,90.0,,4.0,1.0
42.0,32.0,150.0,120.0,100.0,120.0,100.0,90.0,680.0,4.0,1.0
81.0,,120.0,70.0,120.0,75.0,130.0,85.0,,4.0,1.0
134.0,492.0,80.0,80.0,80.0,80.0,80.0,80.0,480.0,4.0,1.0
134.0,,100.0,100.0,100.0,100.0,100.0,100.0,600.0,4.0,1.0
,492.0,70.0,90.0,90.0,135.0,90.0,125.0,,4.0,1.0
91.0,492.0,100.0,100.0,100.0,,100.0,100.0,600.0,4.0,1.0
91.0,112.0,100.0,103.0,75.0,120.0,75.0,127.0,600.0,4.0,1.0
115.0,492.0,120.0,120.0,120.0,120.0,120.0,120.0,720.0,4.0,1.0
,17.0,100.0,100.0,100.0,100.0,100.0,100.0,600.0,5.0,1.0
91.0,492.0,45.0,,,45.0,55.0,63.0,308.0,5.0,
91.0,,60.0,60.0,75.0,60.0,,83.0,413.0,5.0,0.0
,,75.0,75.0,95.0,75.0,,113.0,528.0,5.0,0.0
65.0,492.0,65.0,63.0,45.0,45.0,45.0,45.0,308.0,5.0,0.0
65.0,32.0,90.0,93.0,55.0,70.0,55.0,55.0,418.0,,0.0
65.0,,110.0,123.0,65.0,100.0,65.0,65.0,528.0,5.0,
134.0,,55.0,55.0,45.0,63.0,45.0,45.0,308.0,5.0,0.0
134.0,492.0,75.0,75.0,60.0,83.0,60.0,60.0,413.0,5.0,
134.0,492.0,95.0,100.0,,108.0,70.0,,,5.0,0.0
115.0,492.0,,,39.0,35.0,39.0,42.0,255.0,5.0,0.0
115.0,492.0,60.0,85.0,69.0,60.0,69.0,77.0,420.0,5.0,0.0
115.0,492.0,45.0,60.0,45.0,25.0,45.0,55.0,275.0,5.0,0.0
115.0,492.0,65.0,80.0,65.0,35.0,65.0,,370.0,5.0,0.0
115.0,492.0,85.0,110.0,90.0,45.0,90.0,,500.0,5.0,0.0
46.0,492.0,41.0,50.0,37.0,50.0,37.0,66.0,281.0,5.0,0.0
46.0,492.0,64.0,88.0,50.0,88.0,50.0,106.0,446.0,5.0,0.0
91.0,492.0,50.0,,,,48.0,64.0,316.0,5.0,0.0
91.0,,75.0,98.0,63.0,,63.0,101.0,498.0,5.0,0.0
65.0,492.0,50.0,53.0,,53.0,48.0,64.0,316.0,5.0,0.0
65.0,492.0,75.0,98.0,63.0,,63.0,101.0,498.0,5.0,0.0
134.0,492.0,,,48.0,53.0,48.0,64.0,316.0,5.0,0.0
134.0,492.0,75.0,98.0,63.0,98.0,63.0,101.0,498.0,5.0,0.0
81.0,492.0,76.0,25.0,,,55.0,24.0,292.0,5.0,0.0
81.0,492.0,116.0,,,107.0,95.0,29.0,487.0,5.0,0.0
115.0,112.0,50.0,55.0,50.0,36.0,30.0,43.0,264.0,,0.0
115.0,112.0,,77.0,62.0,50.0,,65.0,358.0,5.0,0.0
115.0,112.0,80.0,115.0,,65.0,55.0,93.0,488.0,5.0,0.0
62.0,492.0,45.0,,,50.0,32.0,,295.0,5.0,0.0
62.0,,75.0,100.0,63.0,80.0,63.0,116.0,497.0,5.0,0.0
60.0,492.0,55.0,75.0,,,25.0,15.0,280.0,,0.0
60.0,,70.0,105.0,105.0,50.0,,20.0,390.0,,0.0
60.0,492.0,85.0,135.0,130.0,60.0,80.0,,515.0,5.0,0.0
81.0,112.0,65.0,45.0,43.0,55.0,43.0,72.0,323.0,5.0,0.0
81.0,,67.0,57.0,55.0,,55.0,114.0,425.0,5.0,0.0
41.0,492.0,60.0,85.0,40.0,30.0,,,328.0,5.0,0.0
41.0,35.0,110.0,135.0,60.0,50.0,65.0,88.0,,,0.0
115.0,492.0,103.0,60.0,,60.0,,50.0,445.0,5.0,0.0
115.0,,103.0,60.0,126.0,80.0,126.0,50.0,545.0,5.0,0.0
42.0,492.0,75.0,80.0,55.0,,35.0,35.0,305.0,,0.0
42.0,492.0,85.0,105.0,85.0,40.0,50.0,40.0,405.0,5.0,0.0
42.0,492.0,105.0,140.0,95.0,55.0,65.0,45.0,505.0,5.0,0.0
134.0,492.0,50.0,50.0,40.0,50.0,,64.0,294.0,5.0,0.0
134.0,39.0,75.0,65.0,,65.0,55.0,69.0,384.0,,0.0
134.0,39.0,105.0,95.0,75.0,85.0,75.0,74.0,509.0,,0.0
42.0,492.0,120.0,100.0,,30.0,85.0,45.0,465.0,5.0,0.0
42.0,492.0,75.0,125.0,75.0,30.0,75.0,85.0,465.0,5.0,
,28.0,45.0,53.0,70.0,40.0,60.0,42.0,310.0,5.0,0.0
81.0,28.0,55.0,63.0,90.0,50.0,80.0,42.0,,5.0,0.0
81.0,28.0,75.0,103.0,80.0,70.0,80.0,92.0,500.0,,0.0
81.0,38.0,30.0,45.0,59.0,30.0,39.0,,260.0,,0.0
81.0,38.0,40.0,,,40.0,79.0,47.0,360.0,5.0,0.0
81.0,38.0,60.0,100.0,89.0,55.0,69.0,112.0,485.0,5.0,0.0
91.0,41.0,40.0,27.0,60.0,,50.0,66.0,280.0,5.0,0.0
91.0,41.0,60.0,67.0,85.0,77.0,75.0,116.0,480.0,5.0,0.0
91.0,492.0,45.0,35.0,50.0,70.0,50.0,30.0,280.0,5.0,0.0
91.0,492.0,70.0,60.0,75.0,110.0,75.0,90.0,480.0,5.0,0.0
134.0,492.0,70.0,92.0,65.0,80.0,55.0,98.0,460.0,5.0,0.0
,,,92.0,65.0,,55.0,98.0,460.0,,0.0
41.0,27.0,50.0,72.0,35.0,35.0,35.0,65.0,292.0,,0.0
41.0,27.0,60.0,82.0,45.0,45.0,,74.0,351.0,5.0,0.0
41.0,27.0,95.0,117.0,80.0,65.0,,,519.0,5.0,0.0
65.0,492.0,70.0,90.0,45.0,15.0,45.0,50.0,315.0,5.0,0.0
37.0,492.0,70.0,90.0,45.0,15.0,45.0,50.0,315.0,5.0,0.0
65.0,492.0,105.0,140.0,55.0,,55.0,95.0,480.0,,0.0
65.0,40.0,105.0,30.0,105.0,140.0,105.0,,540.0,5.0,0.0
37.0,492.0,105.0,140.0,55.0,30.0,55.0,95.0,480.0,5.0,0.0
37.0,17.0,105.0,160.0,55.0,30.0,55.0,135.0,540.0,5.0,0.0
91.0,,75.0,86.0,67.0,106.0,,60.0,461.0,5.0,0.0
,15.0,50.0,65.0,85.0,35.0,35.0,55.0,325.0,5.0,0.0
81.0,15.0,70.0,105.0,,65.0,75.0,45.0,485.0,5.0,0.0
46.0,32.0,50.0,75.0,70.0,35.0,70.0,48.0,348.0,5.0,0.0
,32.0,65.0,90.0,115.0,45.0,115.0,58.0,,5.0,0.0
81.0,112.0,72.0,58.0,80.0,103.0,,97.0,,5.0,0.0
42.0,492.0,38.0,30.0,85.0,55.0,65.0,30.0,303.0,5.0,0.0
41.0,26.0,38.0,55.0,,30.0,65.0,30.0,303.0,5.0,0.0
42.0,492.0,,50.0,145.0,95.0,,30.0,483.0,5.0,0.0
134.0,15.0,54.0,78.0,103.0,53.0,45.0,22.0,355.0,5.0,0.0
134.0,15.0,74.0,108.0,,,,32.0,495.0,5.0,0.0
60.0,,55.0,112.0,45.0,74.0,45.0,70.0,401.0,5.0,0.0
60.0,112.0,75.0,140.0,65.0,,,110.0,567.0,5.0,0.0
,492.0,50.0,50.0,62.0,40.0,62.0,65.0,329.0,,0.0
41.0,492.0,,95.0,82.0,60.0,82.0,75.0,474.0,5.0,0.0
46.0,492.0,40.0,65.0,40.0,80.0,40.0,65.0,330.0,5.0,0.0
46.0,492.0,60.0,105.0,,120.0,60.0,105.0,510.0,5.0,0.0
115.0,492.0,55.0,50.0,,40.0,40.0,75.0,300.0,5.0,
115.0,492.0,75.0,95.0,60.0,65.0,60.0,115.0,470.0,5.0,0.0
81.0,492.0,45.0,,50.0,55.0,65.0,45.0,290.0,5.0,0.0
81.0,492.0,60.0,,70.0,75.0,85.0,55.0,390.0,5.0,0.0
81.0,492.0,70.0,55.0,95.0,95.0,110.0,,490.0,5.0,0.0
81.0,492.0,45.0,30.0,40.0,105.0,50.0,20.0,290.0,5.0,
81.0,492.0,65.0,40.0,50.0,125.0,60.0,30.0,370.0,5.0,0.0
81.0,492.0,110.0,65.0,,125.0,85.0,,490.0,5.0,0.0
134.0,112.0,62.0,44.0,50.0,44.0,50.0,55.0,305.0,5.0,0.0
134.0,112.0,75.0,87.0,63.0,87.0,63.0,98.0,473.0,5.0,0.0
,492.0,36.0,50.0,50.0,65.0,,44.0,305.0,5.0,0.0
37.0,,51.0,65.0,65.0,80.0,75.0,59.0,395.0,5.0,
37.0,492.0,,95.0,85.0,110.0,95.0,79.0,535.0,5.0,0.0
115.0,28.0,60.0,60.0,50.0,40.0,50.0,75.0,335.0,,
115.0,28.0,80.0,,70.0,60.0,70.0,95.0,475.0,5.0,0.0
62.0,112.0,55.0,75.0,60.0,,60.0,103.0,428.0,5.0,0.0
81.0,492.0,50.0,75.0,45.0,40.0,45.0,60.0,,5.0,0.0
81.0,35.0,,135.0,,60.0,105.0,20.0,495.0,5.0,0.0
91.0,38.0,69.0,55.0,45.0,55.0,55.0,,294.0,5.0,0.0
91.0,38.0,114.0,85.0,70.0,,80.0,30.0,464.0,5.0,0.0
134.0,26.0,55.0,40.0,50.0,65.0,85.0,40.0,335.0,5.0,0.0
134.0,,100.0,60.0,70.0,85.0,105.0,60.0,,5.0,0.0
134.0,492.0,165.0,75.0,80.0,40.0,,65.0,470.0,5.0,0.0
81.0,11.0,50.0,47.0,50.0,57.0,50.0,65.0,,5.0,0.0
81.0,11.0,70.0,77.0,60.0,,60.0,,472.0,5.0,0.0
,,44.0,,91.0,24.0,86.0,,305.0,5.0,0.0
91.0,35.0,,94.0,131.0,54.0,116.0,,489.0,5.0,0.0
36.0,492.0,40.0,55.0,,45.0,60.0,30.0,,5.0,0.0
36.0,492.0,60.0,80.0,,70.0,85.0,50.0,440.0,5.0,0.0
36.0,492.0,60.0,100.0,115.0,70.0,85.0,90.0,520.0,5.0,0.0
,492.0,35.0,,,,40.0,60.0,275.0,5.0,0.0
62.0,492.0,65.0,85.0,70.0,75.0,70.0,40.0,405.0,5.0,
62.0,492.0,85.0,115.0,80.0,105.0,80.0,50.0,515.0,5.0,0.0
,492.0,55.0,55.0,55.0,85.0,55.0,30.0,335.0,5.0,
81.0,492.0,75.0,75.0,,125.0,95.0,40.0,485.0,,0.0
42.0,17.0,50.0,30.0,55.0,65.0,55.0,20.0,275.0,5.0,
42.0,17.0,60.0,40.0,60.0,95.0,60.0,55.0,370.0,5.0,0.0
42.0,17.0,60.0,55.0,90.0,145.0,90.0,80.0,520.0,5.0,
41.0,492.0,,87.0,60.0,30.0,40.0,57.0,320.0,5.0,0.0
41.0,492.0,66.0,117.0,70.0,40.0,50.0,67.0,410.0,5.0,0.0
41.0,492.0,,147.0,90.0,60.0,70.0,97.0,540.0,5.0,0.0
37.0,,55.0,,40.0,60.0,,40.0,305.0,5.0,0.0
37.0,492.0,95.0,130.0,,70.0,80.0,,505.0,5.0,0.0
37.0,492.0,80.0,50.0,50.0,95.0,135.0,105.0,,,0.0
81.0,,50.0,40.0,85.0,40.0,65.0,25.0,305.0,5.0,0.0
81.0,492.0,80.0,70.0,40.0,100.0,60.0,145.0,495.0,5.0,0.0
41.0,11.0,109.0,66.0,84.0,81.0,99.0,32.0,471.0,5.0,0.0
41.0,35.0,109.0,,,66.0,84.0,32.0,471.0,5.0,0.0
42.0,492.0,45.0,85.0,,55.0,50.0,65.0,350.0,5.0,
42.0,492.0,65.0,125.0,60.0,95.0,60.0,105.0,510.0,5.0,0.0
41.0,492.0,77.0,120.0,90.0,60.0,90.0,,485.0,5.0,0.0
41.0,26.0,59.0,74.0,50.0,35.0,50.0,35.0,303.0,5.0,0.0
41.0,26.0,89.0,124.0,80.0,,80.0,55.0,483.0,5.0,0.0
,35.0,45.0,85.0,70.0,40.0,,60.0,340.0,5.0,0.0
46.0,35.0,65.0,125.0,100.0,60.0,70.0,70.0,490.0,5.0,0.0
115.0,492.0,95.0,110.0,95.0,40.0,95.0,55.0,,5.0,0.0
115.0,112.0,70.0,83.0,50.0,37.0,50.0,60.0,350.0,5.0,0.0
115.0,112.0,100.0,123.0,75.0,,75.0,80.0,510.0,,0.0
,112.0,,,75.0,45.0,65.0,60.0,370.0,,0.0
46.0,,110.0,65.0,105.0,55.0,95.0,80.0,510.0,5.0,0.0
65.0,492.0,85.0,97.0,66.0,105.0,66.0,65.0,484.0,5.0,0.0
,35.0,58.0,109.0,112.0,48.0,,109.0,484.0,5.0,0.0
46.0,32.0,52.0,65.0,50.0,45.0,50.0,38.0,300.0,5.0,0.0
46.0,,72.0,85.0,70.0,65.0,,58.0,,5.0,0.0
46.0,32.0,92.0,105.0,,125.0,90.0,98.0,600.0,5.0,0.0
81.0,17.0,55.0,85.0,55.0,50.0,55.0,,360.0,5.0,0.0
81.0,17.0,85.0,60.0,65.0,135.0,105.0,100.0,550.0,5.0,0.0
36.0,,91.0,90.0,129.0,90.0,72.0,108.0,580.0,,
,32.0,91.0,129.0,90.0,,90.0,108.0,580.0,5.0,1.0
91.0,32.0,91.0,90.0,72.0,90.0,129.0,108.0,580.0,5.0,1.0
8.0,492.0,79.0,115.0,70.0,,80.0,,580.0,,1.0
8.0,492.0,,100.0,80.0,110.0,90.0,,580.0,5.0,
62.0,112.0,,115.0,70.0,,80.0,111.0,580.0,5.0,1.0
62.0,112.0,79.0,,70.0,145.0,80.0,101.0,580.0,5.0,1.0
41.0,17.0,100.0,120.0,100.0,150.0,120.0,90.0,680.0,5.0,1.0
41.0,11.0,,150.0,120.0,120.0,100.0,90.0,,5.0,1.0
41.0,112.0,,125.0,90.0,115.0,,101.0,600.0,5.0,
41.0,,89.0,145.0,,105.0,80.0,91.0,600.0,5.0,1.0
41.0,20.0,125.0,130.0,90.0,,90.0,95.0,660.0,5.0,1.0
,20.0,125.0,170.0,100.0,120.0,90.0,95.0,700.0,5.0,1.0
41.0,20.0,125.0,120.0,90.0,170.0,100.0,95.0,700.0,5.0,1.0
134.0,32.0,,72.0,90.0,129.0,90.0,108.0,580.0,5.0,
134.0,,91.0,72.0,90.0,129.0,90.0,108.0,,,1.0
115.0,40.0,100.0,77.0,77.0,128.0,128.0,90.0,600.0,5.0,1.0
115.0,32.0,100.0,128.0,90.0,77.0,77.0,128.0,600.0,5.0,1.0
81.0,35.0,71.0,,95.0,120.0,95.0,99.0,600.0,5.0,1.0
91.0,492.0,56.0,61.0,65.0,,45.0,38.0,313.0,6.0,0.0
91.0,492.0,61.0,,95.0,56.0,58.0,57.0,405.0,,
91.0,32.0,88.0,107.0,122.0,74.0,75.0,64.0,530.0,,0.0
65.0,492.0,40.0,45.0,40.0,62.0,60.0,60.0,307.0,,0.0
65.0,492.0,,59.0,58.0,90.0,70.0,73.0,409.0,6.0,0.0
65.0,40.0,75.0,,72.0,114.0,100.0,104.0,534.0,6.0,0.0
134.0,492.0,41.0,56.0,40.0,62.0,44.0,71.0,,6.0,0.0
134.0,492.0,54.0,63.0,52.0,83.0,56.0,97.0,405.0,6.0,0.0
134.0,27.0,72.0,95.0,67.0,103.0,71.0,122.0,530.0,6.0,0.0
134.0,27.0,72.0,145.0,67.0,153.0,71.0,132.0,640.0,6.0,0.0
115.0,492.0,38.0,36.0,38.0,32.0,36.0,57.0,237.0,6.0,0.0
115.0,39.0,85.0,56.0,77.0,,77.0,78.0,423.0,6.0,0.0
115.0,112.0,45.0,50.0,43.0,40.0,38.0,62.0,278.0,6.0,0.0
65.0,,62.0,73.0,55.0,56.0,52.0,84.0,382.0,,0.0
65.0,112.0,78.0,81.0,71.0,,69.0,126.0,499.0,6.0,0.0
81.0,492.0,38.0,35.0,40.0,27.0,25.0,35.0,200.0,6.0,0.0
81.0,492.0,45.0,22.0,60.0,27.0,30.0,29.0,213.0,6.0,0.0
81.0,112.0,,52.0,50.0,,50.0,89.0,411.0,6.0,0.0
65.0,11.0,62.0,50.0,58.0,73.0,54.0,72.0,369.0,6.0,0.0
65.0,,86.0,68.0,72.0,109.0,66.0,106.0,507.0,6.0,0.0
,492.0,44.0,38.0,,61.0,79.0,42.0,303.0,6.0,0.0
22.0,492.0,54.0,45.0,47.0,,98.0,,371.0,6.0,
22.0,492.0,78.0,65.0,68.0,112.0,154.0,75.0,552.0,6.0,0.0
91.0,492.0,66.0,65.0,48.0,62.0,57.0,52.0,350.0,6.0,0.0
91.0,492.0,123.0,100.0,62.0,97.0,81.0,68.0,531.0,,0.0
42.0,,67.0,82.0,62.0,46.0,48.0,43.0,348.0,6.0,0.0
42.0,27.0,95.0,124.0,78.0,69.0,71.0,58.0,495.0,6.0,0.0
115.0,492.0,75.0,,60.0,65.0,90.0,102.0,472.0,6.0,0.0
81.0,492.0,62.0,48.0,54.0,63.0,60.0,68.0,355.0,6.0,0.0
81.0,,74.0,48.0,76.0,83.0,,104.0,466.0,6.0,0.0
81.0,492.0,74.0,48.0,76.0,83.0,81.0,104.0,466.0,6.0,0.0
36.0,26.0,45.0,80.0,100.0,35.0,37.0,28.0,325.0,6.0,0.0
36.0,26.0,59.0,110.0,150.0,45.0,,35.0,448.0,6.0,0.0
36.0,26.0,60.0,50.0,140.0,50.0,140.0,60.0,500.0,6.0,0.0
36.0,26.0,60.0,140.0,50.0,140.0,50.0,60.0,500.0,6.0,0.0
22.0,492.0,,52.0,60.0,63.0,65.0,23.0,341.0,6.0,0.0
,492.0,,72.0,72.0,99.0,,29.0,462.0,6.0,0.0
22.0,492.0,62.0,48.0,66.0,59.0,57.0,,,6.0,0.0
22.0,,82.0,80.0,,85.0,75.0,72.0,480.0,6.0,0.0
46.0,40.0,53.0,54.0,53.0,,,45.0,288.0,6.0,0.0
46.0,40.0,,92.0,88.0,,75.0,73.0,482.0,,0.0
60.0,20.0,42.0,52.0,67.0,,56.0,50.0,306.0,6.0,0.0
60.0,20.0,72.0,105.0,115.0,54.0,86.0,68.0,500.0,6.0,0.0
41.0,20.0,50.0,60.0,60.0,,60.0,30.0,320.0,6.0,0.0
41.0,,,75.0,90.0,97.0,123.0,44.0,494.0,6.0,0.0
134.0,492.0,50.0,,,58.0,63.0,44.0,330.0,6.0,0.0
134.0,492.0,71.0,73.0,88.0,120.0,89.0,59.0,500.0,6.0,0.0
62.0,11.0,44.0,38.0,33.0,61.0,43.0,70.0,289.0,6.0,0.0
62.0,11.0,,55.0,52.0,109.0,94.0,109.0,481.0,6.0,0.0
60.0,32.0,58.0,89.0,77.0,45.0,45.0,,362.0,6.0,0.0
60.0,32.0,,121.0,,,59.0,71.0,521.0,6.0,0.0
60.0,20.0,77.0,,50.0,67.0,63.0,46.0,362.0,6.0,0.0
60.0,20.0,123.0,,72.0,99.0,92.0,58.0,521.0,6.0,0.0
22.0,,95.0,65.0,65.0,110.0,,60.0,525.0,,0.0
,112.0,78.0,,75.0,74.0,63.0,118.0,500.0,6.0,0.0
62.0,41.0,67.0,,57.0,81.0,67.0,101.0,431.0,6.0,0.0
60.0,41.0,50.0,50.0,150.0,50.0,150.0,50.0,500.0,,
41.0,492.0,45.0,,35.0,55.0,75.0,40.0,300.0,6.0,0.0
41.0,492.0,68.0,75.0,53.0,,113.0,,452.0,6.0,0.0
,492.0,90.0,100.0,70.0,110.0,150.0,80.0,600.0,6.0,0.0
36.0,41.0,,80.0,91.0,80.0,87.0,75.0,470.0,6.0,
42.0,28.0,43.0,70.0,48.0,,60.0,38.0,309.0,6.0,0.0
42.0,28.0,,110.0,76.0,65.0,82.0,56.0,474.0,6.0,0.0
42.0,28.0,49.0,66.0,70.0,44.0,55.0,51.0,335.0,,0.0
42.0,,44.0,66.0,70.0,44.0,55.0,56.0,335.0,6.0,0.0
,28.0,54.0,66.0,70.0,44.0,,46.0,335.0,,0.0
42.0,28.0,59.0,66.0,70.0,44.0,55.0,41.0,335.0,6.0,0.0
42.0,28.0,65.0,90.0,122.0,,75.0,84.0,,6.0,0.0
42.0,28.0,55.0,85.0,,58.0,75.0,,494.0,6.0,0.0
,28.0,75.0,95.0,122.0,58.0,75.0,69.0,494.0,6.0,0.0
42.0,28.0,85.0,100.0,122.0,58.0,75.0,54.0,494.0,6.0,0.0
37.0,492.0,55.0,69.0,85.0,32.0,35.0,28.0,304.0,6.0,
37.0,,95.0,117.0,184.0,44.0,46.0,28.0,514.0,6.0,0.0
8.0,32.0,,30.0,35.0,45.0,40.0,,245.0,6.0,0.0
,32.0,85.0,70.0,80.0,97.0,80.0,123.0,535.0,6.0,0.0
22.0,492.0,126.0,131.0,95.0,131.0,98.0,99.0,680.0,6.0,1.0
46.0,112.0,126.0,131.0,95.0,131.0,98.0,99.0,680.0,6.0,
41.0,39.0,108.0,,121.0,81.0,95.0,95.0,600.0,6.0,1.0
41.0,39.0,54.0,100.0,,61.0,,115.0,486.0,6.0,1.0
41.0,39.0,216.0,100.0,121.0,91.0,95.0,85.0,,6.0,1.0
60.0,41.0,50.0,100.0,150.0,100.0,150.0,50.0,600.0,,1.0
,41.0,50.0,160.0,,160.0,110.0,110.0,700.0,6.0,1.0
81.0,,80.0,110.0,60.0,150.0,130.0,70.0,600.0,6.0,1.0
81.0,27.0,,160.0,60.0,170.0,130.0,80.0,680.0,6.0,1.0
65.0,20.0,80.0,,,130.0,90.0,,600.0,6.0,1.0
91.0,112.0,68.0,55.0,55.0,50.0,50.0,42.0,,7.0,0.0
91.0,112.0,78.0,75.0,75.0,70.0,70.0,52.0,420.0,7.0,0.0
,26.0,78.0,107.0,75.0,100.0,100.0,70.0,530.0,7.0,0.0
65.0,492.0,45.0,65.0,40.0,60.0,40.0,70.0,320.0,7.0,0.0
65.0,492.0,65.0,85.0,,80.0,50.0,90.0,420.0,7.0,0.0
65.0,27.0,95.0,115.0,,80.0,90.0,60.0,530.0,7.0,0.0
134.0,492.0,50.0,54.0,54.0,66.0,56.0,,320.0,7.0,0.0
134.0,492.0,60.0,69.0,69.0,91.0,81.0,50.0,420.0,7.0,0.0
,,80.0,74.0,74.0,126.0,116.0,60.0,530.0,7.0,0.0
115.0,112.0,35.0,,30.0,30.0,30.0,65.0,,,0.0
115.0,112.0,55.0,85.0,50.0,40.0,,75.0,355.0,7.0,0.0
115.0,112.0,80.0,120.0,75.0,75.0,75.0,60.0,,7.0,0.0
,492.0,,70.0,30.0,,30.0,45.0,253.0,7.0,0.0
115.0,492.0,88.0,110.0,60.0,55.0,60.0,,418.0,7.0,0.0
81.0,492.0,47.0,62.0,,55.0,45.0,46.0,300.0,7.0,0.0
81.0,11.0,57.0,82.0,95.0,55.0,75.0,,400.0,7.0,0.0
81.0,11.0,,70.0,90.0,145.0,75.0,,500.0,7.0,0.0
42.0,,47.0,82.0,57.0,42.0,,,338.0,7.0,0.0
42.0,20.0,97.0,132.0,77.0,62.0,67.0,43.0,,7.0,0.0
65.0,112.0,75.0,70.0,70.0,,70.0,93.0,476.0,7.0,0.0
62.0,112.0,75.0,70.0,70.0,98.0,70.0,93.0,476.0,7.0,0.0
81.0,112.0,75.0,70.0,70.0,98.0,70.0,93.0,476.0,7.0,0.0
42.0,,75.0,70.0,70.0,98.0,70.0,,476.0,7.0,0.0
81.0,41.0,40.0,45.0,40.0,55.0,40.0,84.0,304.0,7.0,0.0
81.0,41.0,60.0,55.0,60.0,95.0,70.0,124.0,464.0,7.0,0.0
60.0,492.0,45.0,65.0,40.0,30.0,40.0,60.0,280.0,7.0,0.0
60.0,492.0,45.0,65.0,40.0,30.0,40.0,60.0,280.0,7.0,
60.0,492.0,75.0,115.0,65.0,55.0,65.0,112.0,487.0,7.0,
60.0,,85.0,115.0,75.0,,75.0,82.0,487.0,7.0,0.0
60.0,,75.0,117.0,65.0,,65.0,110.0,487.0,7.0,0.0
134.0,492.0,,20.0,,25.0,25.0,40.0,175.0,7.0,0.0
134.0,,45.0,140.0,130.0,140.0,135.0,30.0,620.0,7.0,0.0
41.0,20.0,50.0,53.0,,43.0,,45.0,305.0,7.0,0.0
41.0,20.0,50.0,63.0,152.0,53.0,,35.0,495.0,,0.0
41.0,492.0,70.0,100.0,70.0,45.0,55.0,,385.0,7.0,0.0
41.0,492.0,100.0,125.0,,55.0,85.0,35.0,500.0,7.0,0.0
134.0,9.0,38.0,40.0,52.0,40.0,72.0,27.0,269.0,7.0,0.0
134.0,9.0,68.0,70.0,92.0,,132.0,42.0,454.0,7.0,0.0
91.0,492.0,40.0,,35.0,,35.0,35.0,250.0,,0.0
91.0,492.0,70.0,105.0,90.0,80.0,,45.0,480.0,7.0,0.0
91.0,,40.0,35.0,55.0,65.0,75.0,15.0,,7.0,0.0
,41.0,60.0,45.0,80.0,90.0,100.0,30.0,405.0,7.0,0.0
,17.0,48.0,44.0,,71.0,40.0,77.0,320.0,7.0,0.0
41.0,17.0,68.0,64.0,60.0,111.0,60.0,117.0,480.0,7.0,0.0
115.0,32.0,70.0,75.0,50.0,,50.0,50.0,340.0,7.0,0.0
115.0,32.0,120.0,,80.0,55.0,60.0,60.0,500.0,7.0,0.0
91.0,492.0,42.0,30.0,38.0,30.0,38.0,32.0,210.0,7.0,0.0
91.0,492.0,52.0,40.0,48.0,40.0,48.0,62.0,290.0,7.0,0.0
91.0,492.0,72.0,120.0,98.0,50.0,98.0,72.0,510.0,7.0,
22.0,492.0,51.0,52.0,90.0,82.0,110.0,100.0,485.0,,
115.0,40.0,90.0,60.0,80.0,90.0,110.0,60.0,490.0,7.0,0.0
42.0,492.0,100.0,120.0,,,60.0,80.0,490.0,7.0,0.0
81.0,20.0,25.0,35.0,40.0,20.0,,80.0,230.0,7.0,0.0
81.0,20.0,75.0,125.0,140.0,60.0,90.0,40.0,530.0,,0.0
42.0,39.0,55.0,,80.0,,45.0,15.0,320.0,7.0,0.0
42.0,39.0,85.0,75.0,110.0,100.0,75.0,35.0,480.0,7.0,0.0
134.0,,55.0,60.0,130.0,30.0,130.0,5.0,,7.0,0.0
115.0,492.0,95.0,95.0,95.0,95.0,95.0,,534.0,7.0,1.0
115.0,492.0,95.0,,95.0,95.0,95.0,95.0,570.0,,1.0
60.0,112.0,60.0,60.0,100.0,60.0,100.0,60.0,440.0,7.0,0.0
60.0,112.0,60.0,100.0,60.0,100.0,60.0,120.0,500.0,7.0,0.0
115.0,492.0,,115.0,65.0,75.0,95.0,65.0,480.0,,0.0
65.0,32.0,60.0,78.0,135.0,91.0,85.0,,485.0,7.0,0.0
62.0,35.0,65.0,98.0,63.0,40.0,73.0,96.0,435.0,7.0,0.0
42.0,41.0,55.0,90.0,80.0,50.0,105.0,96.0,476.0,7.0,0.0
134.0,40.0,,105.0,70.0,70.0,70.0,,,7.0,0.0
115.0,32.0,78.0,,85.0,,91.0,36.0,485.0,7.0,0.0
42.0,28.0,70.0,131.0,100.0,86.0,90.0,40.0,,7.0,0.0
41.0,492.0,,,65.0,45.0,45.0,45.0,300.0,7.0,0.0
41.0,32.0,55.0,75.0,90.0,65.0,70.0,65.0,420.0,7.0,0.0
41.0,32.0,75.0,110.0,125.0,100.0,,85.0,600.0,7.0,0.0
62.0,,70.0,115.0,85.0,95.0,75.0,130.0,570.0,7.0,
81.0,41.0,70.0,85.0,75.0,,115.0,95.0,,7.0,1.0
,41.0,70.0,130.0,115.0,85.0,95.0,75.0,570.0,7.0,1.0
134.0,41.0,70.0,75.0,115.0,95.0,130.0,85.0,570.0,7.0,1.0
,492.0,43.0,29.0,31.0,29.0,31.0,37.0,200.0,,1.0
81.0,492.0,43.0,29.0,,29.0,131.0,37.0,,7.0,1.0
81.0,,137.0,137.0,107.0,113.0,89.0,97.0,680.0,7.0,1.0
81.0,,137.0,113.0,89.0,,107.0,97.0,680.0,7.0,1.0
60.0,38.0,109.0,53.0,47.0,127.0,131.0,103.0,570.0,,1.0
81.0,32.0,107.0,139.0,139.0,,,79.0,570.0,7.0,1.0
81.0,32.0,71.0,137.0,37.0,137.0,37.0,151.0,,7.0,1.0
,492.0,,89.0,71.0,173.0,71.0,83.0,570.0,,1.0
36.0,112.0,97.0,101.0,103.0,107.0,101.0,61.0,570.0,7.0,1.0
91.0,35.0,59.0,181.0,131.0,59.0,31.0,109.0,570.0,,1.0
46.0,,223.0,101.0,53.0,97.0,,43.0,570.0,7.0,1.0
81.0,492.0,,107.0,101.0,127.0,89.0,79.0,600.0,7.0,
81.0,35.0,97.0,157.0,127.0,113.0,,77.0,680.0,7.0,1.0
81.0,26.0,97.0,113.0,109.0,157.0,127.0,77.0,680.0,7.0,1.0
81.0,32.0,97.0,167.0,97.0,167.0,97.0,129.0,754.0,7.0,1.0
36.0,41.0,80.0,95.0,115.0,130.0,115.0,65.0,600.0,7.0,
42.0,26.0,90.0,125.0,,90.0,,125.0,600.0,7.0,1.0
41.0,,67.0,73.0,67.0,73.0,67.0,73.0,420.0,7.0,1.0
41.0,32.0,73.0,,73.0,127.0,73.0,121.0,540.0,7.0,1.0
60.0,35.0,61.0,131.0,211.0,53.0,101.0,13.0,570.0,,1.0
65.0,26.0,53.0,127.0,53.0,151.0,79.0,107.0,570.0,7.0,1.0
62.0,492.0,88.0,112.0,,102.0,80.0,143.0,600.0,7.0,1.0
36.0,492.0,46.0,65.0,65.0,55.0,35.0,34.0,300.0,7.0,1.0
36.0,492.0,135.0,143.0,143.0,80.0,65.0,34.0,,7.0,1.0
91.0,492.0,50.0,65.0,50.0,40.0,40.0,65.0,310.0,8.0,0.0
91.0,492.0,70.0,85.0,70.0,,60.0,80.0,420.0,8.0,
91.0,492.0,100.0,125.0,90.0,60.0,70.0,85.0,530.0,8.0,
,492.0,50.0,71.0,40.0,40.0,40.0,69.0,310.0,8.0,0.0
65.0,492.0,65.0,86.0,60.0,55.0,60.0,94.0,420.0,8.0,0.0
65.0,492.0,80.0,116.0,75.0,65.0,75.0,119.0,530.0,8.0,0.0
134.0,492.0,50.0,40.0,40.0,70.0,40.0,70.0,310.0,8.0,0.0
134.0,492.0,65.0,60.0,55.0,,55.0,90.0,420.0,8.0,0.0
,492.0,70.0,85.0,65.0,125.0,65.0,120.0,,8.0,0.0
115.0,492.0,70.0,55.0,55.0,35.0,35.0,25.0,275.0,8.0,0.0
115.0,492.0,120.0,95.0,95.0,55.0,75.0,20.0,460.0,8.0,0.0
8.0,492.0,38.0,47.0,35.0,33.0,35.0,57.0,245.0,8.0,0.0
8.0,492.0,68.0,67.0,55.0,43.0,55.0,,,8.0,0.0
8.0,35.0,98.0,,105.0,53.0,85.0,67.0,495.0,8.0,
81.0,492.0,,20.0,20.0,25.0,45.0,45.0,180.0,8.0,0.0
81.0,40.0,50.0,35.0,,50.0,90.0,30.0,335.0,8.0,0.0
81.0,40.0,60.0,45.0,110.0,80.0,120.0,90.0,505.0,,0.0
46.0,492.0,40.0,28.0,,47.0,52.0,50.0,,8.0,0.0
46.0,492.0,,58.0,,87.0,,90.0,455.0,8.0,0.0
91.0,492.0,40.0,40.0,60.0,40.0,60.0,10.0,250.0,8.0,0.0
,492.0,60.0,50.0,90.0,80.0,120.0,60.0,460.0,8.0,
115.0,492.0,42.0,40.0,55.0,40.0,45.0,48.0,,8.0,0.0
,492.0,72.0,80.0,100.0,60.0,90.0,88.0,490.0,8.0,0.0
134.0,492.0,50.0,64.0,50.0,38.0,38.0,44.0,284.0,,0.0
134.0,15.0,90.0,115.0,90.0,48.0,68.0,74.0,485.0,8.0,0.0
62.0,492.0,59.0,45.0,,40.0,50.0,26.0,270.0,8.0,0.0
62.0,492.0,69.0,90.0,60.0,90.0,60.0,121.0,,,0.0
60.0,492.0,30.0,40.0,50.0,,50.0,30.0,240.0,8.0,0.0
60.0,17.0,,60.0,,60.0,70.0,50.0,410.0,8.0,0.0
60.0,17.0,110.0,80.0,120.0,,90.0,,510.0,8.0,0.0
91.0,32.0,40.0,40.0,80.0,40.0,40.0,20.0,260.0,8.0,0.0
91.0,32.0,70.0,110.0,80.0,95.0,60.0,70.0,485.0,8.0,0.0
91.0,32.0,,85.0,80.0,100.0,80.0,30.0,485.0,8.0,0.0
,492.0,,57.0,75.0,35.0,50.0,,315.0,8.0,
41.0,492.0,72.0,107.0,125.0,65.0,70.0,71.0,510.0,8.0,0.0
8.0,20.0,,85.0,55.0,85.0,95.0,85.0,475.0,8.0,0.0
134.0,492.0,41.0,63.0,40.0,40.0,30.0,,280.0,8.0,0.0
134.0,492.0,,123.0,60.0,60.0,50.0,,490.0,,0.0
62.0,38.0,40.0,,35.0,54.0,35.0,40.0,242.0,8.0,0.0
,38.0,75.0,98.0,70.0,,70.0,75.0,502.0,8.0,0.0
62.0,,75.0,98.0,70.0,114.0,70.0,75.0,502.0,8.0,0.0
65.0,9.0,50.0,65.0,,50.0,50.0,45.0,305.0,8.0,0.0
65.0,9.0,100.0,115.0,65.0,90.0,90.0,65.0,525.0,8.0,0.0
42.0,492.0,50.0,68.0,60.0,50.0,50.0,32.0,310.0,8.0,0.0
42.0,492.0,80.0,118.0,90.0,70.0,80.0,42.0,480.0,8.0,0.0
42.0,492.0,,45.0,45.0,,54.0,50.0,308.0,8.0,0.0
42.0,492.0,60.0,65.0,65.0,134.0,,70.0,508.0,8.0,0.0
81.0,492.0,42.0,30.0,,56.0,53.0,,,8.0,0.0
81.0,492.0,,40.0,65.0,86.0,73.0,49.0,370.0,,0.0
81.0,41.0,57.0,90.0,95.0,136.0,103.0,29.0,510.0,8.0,0.0
46.0,41.0,45.0,45.0,30.0,55.0,40.0,50.0,265.0,8.0,0.0
46.0,41.0,65.0,60.0,45.0,75.0,55.0,70.0,370.0,,0.0
46.0,41.0,95.0,120.0,65.0,95.0,75.0,60.0,510.0,8.0,0.0
46.0,11.0,93.0,90.0,101.0,60.0,,95.0,520.0,8.0,0.0
36.0,492.0,,,100.0,50.0,60.0,50.0,440.0,,0.0
42.0,492.0,60.0,95.0,50.0,145.0,130.0,30.0,510.0,8.0,0.0
42.0,492.0,62.0,135.0,95.0,68.0,82.0,65.0,507.0,,0.0
,,80.0,85.0,75.0,110.0,100.0,70.0,520.0,8.0,0.0
41.0,26.0,,95.0,145.0,50.0,105.0,30.0,,8.0,0.0
22.0,492.0,45.0,40.0,40.0,50.0,61.0,34.0,270.0,8.0,0.0
22.0,,,60.0,75.0,110.0,121.0,64.0,495.0,8.0,
42.0,492.0,65.0,100.0,100.0,70.0,60.0,75.0,470.0,8.0,0.0
,492.0,48.0,101.0,95.0,91.0,85.0,,435.0,8.0,0.0
37.0,9.0,,25.0,35.0,45.0,30.0,20.0,185.0,8.0,0.0
37.0,9.0,70.0,65.0,60.0,125.0,90.0,65.0,475.0,8.0,0.0
,492.0,100.0,125.0,135.0,20.0,20.0,70.0,470.0,8.0,0.0
37.0,492.0,75.0,80.0,,,,50.0,470.0,,0.0
37.0,492.0,75.0,80.0,70.0,65.0,50.0,130.0,,8.0,0.0
81.0,11.0,60.0,65.0,55.0,105.0,95.0,95.0,475.0,8.0,0.0
81.0,11.0,70.0,55.0,65.0,,,85.0,475.0,8.0,0.0
62.0,27.0,58.0,95.0,58.0,70.0,58.0,97.0,436.0,8.0,0.0
62.0,27.0,58.0,95.0,,70.0,,97.0,436.0,8.0,
36.0,492.0,72.0,80.0,49.0,40.0,49.0,40.0,330.0,8.0,
36.0,492.0,122.0,130.0,69.0,80.0,69.0,30.0,500.0,8.0,0.0
62.0,32.0,90.0,100.0,90.0,80.0,70.0,75.0,505.0,8.0,0.0
62.0,20.0,90.0,100.0,90.0,90.0,80.0,55.0,505.0,8.0,0.0
134.0,32.0,90.0,90.0,,,80.0,75.0,505.0,,0.0
,20.0,90.0,90.0,100.0,80.0,90.0,55.0,505.0,,
,32.0,70.0,95.0,115.0,120.0,50.0,85.0,535.0,8.0,0.0
41.0,26.0,28.0,,,40.0,30.0,82.0,270.0,8.0,
41.0,26.0,68.0,80.0,50.0,60.0,50.0,102.0,410.0,,0.0
41.0,26.0,88.0,120.0,75.0,100.0,75.0,142.0,600.0,,0.0
22.0,35.0,92.0,170.0,115.0,80.0,115.0,148.0,720.0,8.0,1.0
22.0,,92.0,130.0,115.0,80.0,115.0,,670.0,,1.0
42.0,35.0,92.0,130.0,145.0,80.0,145.0,128.0,,,1.0
42.0,492.0,,130.0,115.0,80.0,,138.0,670.0,8.0,1.0
41.0,32.0,140.0,85.0,95.0,145.0,95.0,130.0,690.0,8.0,1.0
41.0,32.0,255.0,,250.0,,250.0,130.0,1125.0,8.0,1.0
42.0,492.0,,90.0,60.0,53.0,50.0,72.0,385.0,8.0,1.0
,27.0,100.0,130.0,100.0,63.0,60.0,97.0,,8.0,1.0
42.0,20.0,100.0,130.0,100.0,63.0,60.0,97.0,550.0,8.0,1.0
46.0,28.0,105.0,120.0,105.0,70.0,95.0,105.0,600.0,8.0,1.0
,,80.0,100.0,50.0,100.0,50.0,200.0,580.0,8.0,1.0
41.0,492.0,200.0,100.0,50.0,100.0,50.0,80.0,,8.0,1.0
37.0,,,145.0,130.0,65.0,110.0,30.0,580.0,8.0,
42.0,492.0,100.0,65.0,60.0,145.0,80.0,,580.0,8.0,
81.0,28.0,100.0,80.0,80.0,80.0,80.0,80.0,500.0,8.0,1.0
81.0,20.0,100.0,165.0,150.0,85.0,130.0,50.0,680.0,8.0,1.0
81.0,26.0,100.0,,80.0,,100.0,150.0,680.0,8.0,1.0
